{"integrals": [{"__ndarray__": [1.0, 1.0404040404040404, 1.0808080808080809, 1.121212121212121, 1.1616161616161615, 1.202020202020202, 1.2424242424242424, 1.2828282828282829, 1.3232323232323233, 1.3636363636363638, 1.404040404040404, 1.4444444444444444, 1.4848484848484849, 1.5252525252525253, 1.5656565656565657, 1.606060606060606, 1.6464646464646466, 1.6868686868686869, 1.7272727272727273, 1.7676767676767677, 1.8080808080808082, 1.8484848484848486, 1.8888888888888888, 1.9292929292929295, 1.9696969696969697, 2.0101010101010104, 2.0505050505050506, 2.090909090909091, 2.1313131313131315, 2.1717171717171717, 2.212121212121212, 2.2525252525252526, 2.2929292929292933, 2.3333333333333335, 2.3737373737373737, 2.4141414141414144, 2.4545454545454546, 2.494949494949495, 2.5353535353535355, 2.575757575757576, 2.6161616161616164, 2.6565656565656566, 2.6969696969696972, 2.7373737373737375, 2.7777777777777777, 2.8181818181818183, 2.858585858585859, 2.8989898989898992, 2.9393939393939394, 2.97979797979798, 3.0202020202020203, 3.060606060606061, 3.101010101010101, 3.1414141414141414, 3.181818181818182, 3.2222222222222223, 3.262626262626263, 3.303030303030303, 3.3434343434343434, 3.383838383838384, 3.4242424242424243, 3.464646464646465, 3.505050505050505, 3.545454545454546, 3.585858585858586, 3.6262626262626263, 3.666666666666667, 3.707070707070707, 3.747474747474748, 3.787878787878788, 3.8282828282828287, 3.868686868686869, 3.909090909090909, 3.94949494949495, 3.98989898989899, 4.030303030303031, 4.070707070707071, 4.111111111111111, 4.151515151515152, 4.191919191919192, 4.232323232323233, 4.272727272727273, 4.313131313131313, 4.353535353535354, 4.3939393939393945, 4.434343434343434, 4.474747474747475, 4.515151515151516, 4.555555555555555, 4.595959595959597, 4.636363636363637, 4.6767676767676765, 4.717171717171718, 4.757575757575758, 4.7979797979797985, 4.838383838383839, 4.878787878787879, 4.91919191919192, 4.95959595959596, 5.0], "dtype": "float64", "shape": [100]}, {"__ndarray__": [1.0, 1.0404040404040404, 1.0808080808080809, 1.121212121212121, 1.1616161616161615, 1.202020202020202, 1.2424242424242424, 1.2828282828282829, 1.3232323232323233, 1.3636363636363638, 1.404040404040404, 1.4444444444444444, 1.4848484848484849, 1.5252525252525253, 1.5656565656565657, 1.606060606060606, 1.6464646464646466, 1.6868686868686869, 1.7272727272727273, 1.7676767676767677, 1.8080808080808082, 1.8484848484848486, 1.8888888888888888, 1.9292929292929295, 1.9696969696969697, 2.0101010101010104, 2.0505050505050506, 2.090909090909091, 2.1313131313131315, 2.1717171717171717, 2.212121212121212, 2.2525252525252526, 2.2929292929292933, 2.3333333333333335, 2.3737373737373737, 2.4141414141414144, 2.4545454545454546, 2.494949494949495, 2.5353535353535355, 2.575757575757576, 2.6161616161616164, 2.6565656565656566, 2.6969696969696972, 2.7373737373737375, 2.7777777777777777, 2.8181818181818183, 2.858585858585859, 2.8989898989898992, 2.9393939393939394, 2.97979797979798, 3.0202020202020203, 3.060606060606061, 3.101010101010101, 3.1414141414141414, 3.181818181818182, 3.2222222222222223, 3.262626262626263, 3.303030303030303, 3.3434343434343434, 3.383838383838384, 3.4242424242424243, 3.464646464646465, 3.505050505050505, 3.545454545454546, 3.585858585858586, 3.6262626262626263, 3.666666666666667, 3.707070707070707, 3.747474747474748, 3.787878787878788, 3.8282828282828287, 3.868686868686869, 3.909090909090909, 3.94949494949495, 3.98989898989899, 4.030303030303031, 4.070707070707071, 4.111111111111111, 4.151515151515152, 4.191919191919192, 4.232323232323233, 4.272727272727273, 4.313131313131313, 4.353535353535354, 4.3939393939393945, 4.434343434343434, 4.474747474747475, 4.515151515151516, 4.555555555555555, 4.595959595959597, 4.636363636363637, 4.6767676767676765, 4.717171717171718, 4.757575757575758, 4.7979797979797985, 4.838383838383839, 4.878787878787879, 4.91919191919192, 4.95959595959596, 5.0], "dtype": "float64", "shape": [100]}, {"__ndarray__": [1.0, 1.0404040404040404, 1.0808080808080809, 1.121212121212121, 1.1616161616161615, 1.202020202020202, 1.2424242424242424, 1.2828282828282829, 1.3232323232323233, 1.3636363636363638, 1.404040404040404, 1.4444444444444444, 1.4848484848484849, 1.5252525252525253, 1.5656565656565657, 1.606060606060606, 1.6464646464646466, 1.6868686868686869, 1.7272727272727273, 1.7676767676767677, 1.8080808080808082, 1.8484848484848486, 1.8888888888888888, 1.9292929292929295, 1.9696969696969697, 2.0101010101010104, 2.0505050505050506, 2.090909090909091, 2.1313131313131315, 2.1717171717171717, 2.212121212121212, 2.2525252525252526, 2.2929292929292933, 2.3333333333333335, 2.3737373737373737, 2.4141414141414144, 2.4545454545454546, 2.494949494949495, 2.5353535353535355, 2.575757575757576, 2.6161616161616164, 2.6565656565656566, 2.6969696969696972, 2.7373737373737375, 2.7777777777777777, 2.8181818181818183, 2.858585858585859, 2.8989898989898992, 2.9393939393939394, 2.97979797979798, 3.0202020202020203, 3.060606060606061, 3.101010101010101, 3.1414141414141414, 3.181818181818182, 3.2222222222222223, 3.262626262626263, 3.303030303030303, 3.3434343434343434, 3.383838383838384, 3.4242424242424243, 3.464646464646465, 3.505050505050505, 3.545454545454546, 3.585858585858586, 3.6262626262626263, 3.666666666666667, 3.707070707070707, 3.747474747474748, 3.787878787878788, 3.8282828282828287, 3.868686868686869, 3.909090909090909, 3.94949494949495, 3.98989898989899, 4.030303030303031, 4.070707070707071, 4.111111111111111, 4.151515151515152, 4.191919191919192, 4.232323232323233, 4.272727272727273, 4.313131313131313, 4.353535353535354, 4.3939393939393945, 4.434343434343434, 4.474747474747475, 4.515151515151516, 4.555555555555555, 4.595959595959597, 4.636363636363637, 4.6767676767676765, 4.717171717171718, 4.757575757575758, 4.7979797979797985, 4.838383838383839, 4.878787878787879, 4.91919191919192, 4.95959595959596, 5.0], "dtype": "float64", "shape": [100]}, {"__ndarray__": [1.0, 1.0404040404040404, 1.0808080808080809, 1.121212121212121, 1.1616161616161615, 1.202020202020202, 1.2424242424242424, 1.2828282828282829, 1.3232323232323233, 1.3636363636363638, 1.404040404040404, 1.4444444444444444, 1.4848484848484849, 1.5252525252525253, 1.5656565656565657, 1.606060606060606, 1.6464646464646466, 1.6868686868686869, 1.7272727272727273, 1.7676767676767677, 1.8080808080808082, 1.8484848484848486, 1.8888888888888888, 1.9292929292929295, 1.9696969696969697, 2.0101010101010104, 2.0505050505050506, 2.090909090909091, 2.1313131313131315, 2.1717171717171717, 2.212121212121212, 2.2525252525252526, 2.2929292929292933, 2.3333333333333335, 2.3737373737373737, 2.4141414141414144, 2.4545454545454546, 2.494949494949495, 2.5353535353535355, 2.575757575757576, 2.6161616161616164, 2.6565656565656566, 2.6969696969696972, 2.7373737373737375, 2.7777777777777777, 2.8181818181818183, 2.858585858585859, 2.8989898989898992, 2.9393939393939394, 2.97979797979798, 3.0202020202020203, 3.060606060606061, 3.101010101010101, 3.1414141414141414, 3.181818181818182, 3.2222222222222223, 3.262626262626263, 3.303030303030303, 3.3434343434343434, 3.383838383838384, 3.4242424242424243, 3.464646464646465, 3.505050505050505, 3.545454545454546, 3.585858585858586, 3.6262626262626263, 3.666666666666667, 3.707070707070707, 3.747474747474748, 3.787878787878788, 3.8282828282828287, 3.868686868686869, 3.909090909090909, 3.94949494949495, 3.98989898989899, 4.030303030303031, 4.070707070707071, 4.111111111111111, 4.151515151515152, 4.191919191919192, 4.232323232323233, 4.272727272727273, 4.313131313131313, 4.353535353535354, 4.3939393939393945, 4.434343434343434, 4.474747474747475, 4.515151515151516, 4.555555555555555, 4.595959595959597, 4.636363636363637, 4.6767676767676765, 4.717171717171718, 4.757575757575758, 4.7979797979797985, 4.838383838383839, 4.878787878787879, 4.91919191919192, 4.95959595959596, 5.0], "dtype": "float64",